,Unnamed: 0,Stimulus Contrast,SAT,participant,Drift Rate,Boundary Separation,Non-decision Time,Effective Inhibition
0,2,1,1,1,0.0,1.5688881872661793,0.1003093743042052,17.04404669200326
1,3,1,2,1,0.5798957921919135,0.95446641229017,0.1853851144062961,8.473041935087275
2,4,1,3,1,0.2888899266078705,3.3189948378657768,0.1396646791173199,11.15486295955496
3,5,1,4,1,0.0716983385671975,4.568653522176715,0.1033548846641729,10.61380592874926
4,6,1,5,1,0.5106695065177336,0.9444851254932658,0.2259893340943665,3.78733510836883
5,7,2,1,1,0.3050779834560502,0.7821303905633945,0.1005444265180689,11.72801748655278
6,8,2,2,1,0.4312351787585537,1.3470825909322213,0.1700783538589779,10.033909049760616
7,9,2,3,1,0.3511119302157829,7.09129256481124,0.1017112469809869,12.974294297542938
8,10,2,4,1,0.4521290760928269,4.067203539442403,0.1008061796496254,9.68580956959146
9,11,2,5,1,0.7724812519568119,0.9207751670234332,0.2538407423255219,4.3331522817619454
10,12,3,1,1,0.3349280690763586,0.7081537014743509,0.1007739054740306,11.475465015688602
11,13,3,2,1,0.9140656070006874,4.037225216889077,0.1081658099809801,12.75651393089447
12,14,3,3,1,0.6752468048847201,2.4891825545201955,0.1400373578414206,10.453259328697015
13,15,3,4,1,1.0339575923980524,2.486806897924661,0.1512856250689628,9.706906531141232
14,16,3,5,1,0.9853944949453232,1.0495230605048835,0.2317770272713307,4.507815532471491
15,17,4,1,1,0.003597277583931,1.611070821122068,0.1006784289898602,17.099930199626368
16,18,4,2,1,0.4994432984802499,2.3620263125978544,0.1025957335105698,10.479277791296852
17,19,4,3,1,1.299254449930438,0.866754824820875,0.2365495675359167,9.386044177137755
18,20,4,4,1,2.017625858383173,1.0391539975174604,0.2311874642693244,8.026661287159582
19,21,4,5,1,2.336085032823985,1.1036608520578168,0.2728907911900182,6.624152708495504
20,22,5,1,1,0.0036426833760585,0.7822127557982297,0.1009552584205155,11.614849958738064
21,23,5,2,1,1.4554784285431028,1.0347991895355468,0.1842288360426621,8.715259576680257
22,24,5,3,1,2.4725367184787714,0.5997177989558482,0.2581141479231909,4.3518382289237705
23,25,5,4,1,1.9707951795597356,1.113574398331976,0.2320027567646161,8.678523112052074
24,26,5,5,1,2.611156374366588,1.1706051056601607,0.2439638136661242,5.327644440943115
25,27,1,1,2,0.0,1.6598684957206928,0.1503848048701305,30.0
26,28,1,2,2,0.0,1.8306891646323928,0.1005785976379629,20.557091285809904
27,29,1,3,2,0.0,0.9263893749827048,0.1034579343527221,2.096114496990173
28,30,1,4,2,0.0,0.8241888185467667,0.3129538318190327,2.046599906943942
29,31,1,5,2,0.0,2.396606468297812,0.2074249891594348,4.492519330344916
30,32,2,1,2,0.2267316639062619,3.5293455742595894,0.1203515595439442,30.0
31,33,2,2,2,0.0,2.392335976586484,0.137005414540215,30.0
32,34,2,3,2,0.005877799404114,0.5015285954600524,0.2018851298316535,-5.121050730683354
33,35,2,4,2,0.2889789109544438,1.987647862664771,0.1327185662335983,4.04184643607884
34,36,2,5,2,0.0,1.2772050745853183,0.1008841184309801,2.0382222789169595
35,37,3,1,2,0.0,0.555283907855741,0.100639921317486,10.085918207511227
36,38,3,2,2,0.0896424865893658,0.6063128685806793,0.1009486169649429,8.787596755545833
37,39,3,3,2,0.0,0.7670412126560304,0.1060173662658596,0.2604802416177627
38,40,3,4,2,0.0,0.5648483014595467,0.3028388758948104,-2.506883613689017
39,41,3,5,2,0.6528350383582213,1.6765222087113876,0.112536472259729,2.2116903158088976
40,42,4,1,2,0.0,1.5160157037602309,0.1003752540040283,17.922781334507622
41,43,4,2,2,0.0,0.9446804591751086,0.100936277403438,12.165579135347071
42,44,4,3,2,0.0,1.20409876548206,0.1119015982568612,3.1335740646338044
43,45,4,4,2,0.0635689487406486,1.6536759808500494,0.1813527759225154,3.388934062822896
44,46,4,5,2,0.0862595527021976,1.3156135855932083,0.3140777712108571,3.47628539608224
45,47,5,1,2,0.0,1.3204032539543116,0.1024285737412962,17.190613302875004
46,48,5,2,2,0.1400150913601594,0.6236581688442708,0.1776217998099815,22.424553281782448
47,49,5,3,2,0.0061560460797454,0.5001376580405132,0.1000842459359436,-7.47195655390049
48,50,5,4,2,0.3386790549286247,1.0163818163896812,0.4012006770835207,3.687761527314065
49,51,5,5,2,0.2619662916396378,2.2624603712103863,0.1088631324666478,2.871243632154917
50,52,1,1,3,0.0817364740203097,1.248325157561708,0.1004146893643671,6.350903694024352
51,53,1,2,3,0.6888927267682412,7.2771080887700945,0.1000614267688217,10.074609152925124
52,54,1,3,3,0.5783077050600187,4.946467208652044,0.1815810646340218,10.663261473361452
53,55,1,4,3,1.3301590308326046,1.0157386833864708,0.3243747559959097,7.561009770221785
54,56,1,5,3,0.5307150235026421,0.7959938519160605,0.3465611856279752,3.968027554913996
55,57,2,1,3,0.3140453237335072,1.3413127365298916,0.1000858327026806,6.685869544426858
56,58,2,2,3,1.3149031433136904,8.416204722056431,0.1260109723229938,11.28335272966411
57,59,2,3,3,1.264758942832792,0.7994288949096839,0.3386975887986599,9.62033445524358
58,60,2,4,3,1.324699586837642,0.8931592240933774,0.3196978088230215,6.951252751788648
59,61,2,5,3,1.1370688329223382,1.315112344834898,0.2745920106193032,4.865722442463418
60,62,3,1,3,0.5612743134299458,1.2544402656521734,0.1008122655254342,6.406647347499336
61,63,3,2,3,2.2133962698817147,8.021736479439985,0.1519093427953727,11.865758451347071
62,64,3,3,3,2.05533668184183,0.8201230794911911,0.3334359829316656,8.056872017198367
63,65,3,4,3,2.5199923095776744,0.8522062152647818,0.3428503932162615,7.473202383136666
64,66,3,5,3,1.728424155392806,1.2614269288657578,0.2689510113928642,3.56793573555638
65,67,4,1,3,1.1606153435382138,0.9780452934344545,0.1116534215746731,4.650490352813347
66,68,4,2,3,2.4455455103973907,1.3985149221465965,0.2596633410656719,8.568536715341555
67,69,4,3,3,2.9817476783819554,8.754261969579764,0.1262026269806695,9.982354831974025
68,70,4,4,3,3.5151235337465216,1.0128853456916245,0.3248096887535958,6.795983876078672
69,71,4,5,3,2.539194442605735,1.7902223675293594,0.2110043761248818,3.2202955581506654
70,72,5,1,3,1.504173645911809,0.8952283467736502,0.1200777335468694,4.055556181413884
71,73,5,2,3,3.9932313952827614,9.747221804229206,0.1462824378606681,11.387522004070258
72,74,5,3,3,3.515011292796677,2.6018762079595508,0.2238172108925726,8.706664020732646
73,75,5,4,3,4.119882528064816,0.8215924015514764,0.3302042146541507,5.006591276936026
74,76,5,5,3,3.072390059012003,1.1891337528574786,0.3063140892218511,5.1704045339706495
75,77,1,1,4,0.0,1.4605488314193171,0.1009401947093205,12.592412226694131
76,78,1,2,4,0.0210531757608664,2.1459372328770425,0.1275256901312055,13.662155775150122
77,79,1,3,4,0.0178783560450018,3.950975937207767,0.1037979372102168,11.679412494314812
78,80,1,4,4,0.6158139452341518,7.075549232153042,0.1005350641869178,11.384330215073344
79,81,1,5,4,0.3921375050014778,6.328269672605302,0.1068486646584783,9.46176285278846
80,82,2,1,4,0.3391049928685422,0.507531964093066,0.193981831689693,14.311476541756438
81,83,2,2,4,0.2072326420746488,2.2684723718904607,0.1187749455083206,13.611804865737698
82,84,2,3,4,0.3212449149277751,3.0782032821651737,0.1117825694042139,11.21100681234631
83,85,2,4,4,0.4473668392780702,5.339889126510618,0.1017447970052478,10.687825892646462
84,86,2,5,4,0.886074081263577,0.7632002484578297,0.2891640126396805,5.041888065080899
85,87,3,1,4,0.2342691409376869,2.524934638775253,0.100359870554385,16.540384579637905
86,88,3,2,4,0.1931434434785532,3.229699919326921,0.1000114578205508,13.99941088423558
87,89,3,3,4,0.8528392422261385,2.372939896517016,0.1000958568184316,9.18222002041608
88,90,3,4,4,1.2415161730181885,3.683176332997233,0.1512648159500811,11.032994626767552
89,91,3,5,4,1.5815400103689004,0.9630591458725312,0.2886260184140984,8.046586511350162
90,92,4,1,4,0.4219247183973895,0.7344207850338496,0.1696292528136347,15.42554383453071
91,93,4,2,4,0.6182457410919633,2.626087053352301,0.1008656010591178,13.03688423724991
92,94,4,3,4,0.7926363167978709,1.7871861371705615,0.1575077545672535,11.022523100923255
93,95,4,4,4,2.0318479813381267,1.2746686469442006,0.2269966735442841,8.346325331895876
94,96,4,5,4,2.530924980400956,0.9528443319122264,0.2903114302239438,6.152747696589172
95,97,5,1,4,0.130943993272858,1.6503124033715264,0.1007368765485765,13.046894350190994
96,98,5,2,4,0.9632975977933564,0.6642077540846589,0.2050735754097056,11.5046953964368
97,99,5,3,4,1.5241782887117712,1.1582865890468304,0.195138439927035,9.948224821003102
98,100,5,4,4,2.7391064269862406,1.2926181572255824,0.2205385355672638,6.756765672585055
99,101,5,5,4,3.7382566737419314,1.1175761143170488,0.2877928214307049,5.518036779517044
100,102,1,1,5,0.1654790180959099,0.7218579056459848,0.1007666041721271,10.42955813248954
101,103,1,2,5,0.0,1.2574442217730724,0.1007408745226498,9.874945908887424
102,104,1,3,5,0.4195694891673087,2.572486469793924,0.1004660982466458,9.135213750429736
103,105,1,4,5,0.5613647740228167,2.258898694827966,0.1004653003560397,5.750673477501334
104,106,1,5,5,0.6106541597052974,1.5968075992386872,0.2090474509793038,5.181292306880351
105,107,2,1,5,0.0040325513942887,0.7241952634550328,0.1009160323288317,10.480895655917724
106,108,2,2,5,0.0756610064230637,2.152462708826772,0.1031866546293978,13.275377082243573
107,109,2,3,5,0.3995737169692284,2.1662802391942866,0.1009082819368515,8.052804994227008
108,110,2,4,5,0.7114638867219515,3.095344866042278,0.1000288667651267,6.614395390416419
109,111,2,5,5,0.7725134625406422,1.672325907536541,0.1780236741225633,4.799372766236775
110,112,3,1,5,0.0070426257314488,0.7111804184033446,0.1005432079593025,10.393698630084089
111,113,3,2,5,0.3267370782610075,1.7530064837496635,0.1007254037938431,11.562097802998846
112,114,3,3,5,0.545404731156936,1.954080425774542,0.1439268700587483,9.145261684916855
113,115,3,4,5,1.1843570570266575,1.7814625842474223,0.1983895652090549,7.349792454783435
114,116,3,5,5,1.2297147550163134,1.0022653096996097,0.2544926300322401,4.5467394810448845
115,117,4,1,5,0.0276871002187736,1.0752224174524183,0.1002577235536775,13.92290883639804
116,118,4,2,5,0.2590736873675952,0.7759451283454721,0.100317275494048,7.081537000363292
117,119,4,3,5,1.1686342935144107,0.986661115839346,0.2053127125178661,9.252087890415773
118,120,4,4,5,1.8927286751777137,1.746195738545114,0.1941736730309671,7.167422621940868
119,121,4,5,5,2.3878230119726465,1.3627106844794743,0.2448404105393509,4.519634257687449
120,122,5,1,5,0.246756479138642,0.8122898935905374,0.1008291265888618,12.616672603683192
121,123,5,2,5,0.5657531142157168,1.7614853621294095,0.1005988167789763,11.23957876590924
122,124,5,3,5,1.36840469128517,0.8173553271064113,0.2194002042242464,8.993345748659644
123,125,5,4,5,2.246726494450075,1.1783078203393718,0.2228733592065852,5.663717108748432
124,126,5,5,5,2.679563318407073,1.047167327051996,0.2723764685134489,4.503830369784832
125,127,1,1,6,0.0,0.9181461491407292,0.1002060952692636,10.190434636437464
126,128,1,2,6,0.4294908634566097,1.6687132138518868,0.1006929984929845,7.48806829827665
127,129,1,3,6,0.6023736886937844,3.712975012211952,0.1003905298620644,8.01687334290588
128,130,1,4,6,0.7409775345223903,2.921428611691696,0.1820557357454235,8.048177572696195
129,131,1,5,6,0.4248010355342742,0.9927785311499182,0.2651463809651369,3.7845609645939593
130,132,2,1,6,0.1452314111545862,0.8115533869051754,0.1000086481702982,8.04846639023709
131,133,2,2,6,0.2903241965557349,1.939533676374086,0.1009386433233204,8.207200620412957
132,134,2,3,6,0.911480325817414,4.52150070251894,0.1367460151014186,9.805429163992049
133,135,2,4,6,1.4290978424299787,1.3186358320372058,0.2546075699065869,7.028371725259484
134,136,2,5,6,0.8763326589678263,3.875013966180822,0.1007121672590412,6.679017396369723
135,137,3,1,6,0.3810264976225814,1.1606916448907816,0.1008415196959158,12.626741571924706
136,138,3,2,6,0.6359475871682849,1.856663611260052,0.1001259017844194,7.723696867575552
137,139,3,3,6,1.6877564920947192,1.2737339922798414,0.2313642444200481,7.096654876592651
138,140,3,4,6,2.0014190983638,1.2375962961462408,0.2412248413698275,3.998313427602418
139,141,3,5,6,2.4711006317424817,1.1422710602591275,0.300342253225939,5.582928538260803
140,142,4,1,6,0.269864517106284,1.5393122210616577,0.1003039404382806,14.561591966709855
141,143,4,2,6,0.971607715796975,1.2890899089983177,0.1002260325202936,5.949850618140088
142,144,4,3,6,2.753952575407176,1.464257648701369,0.220268674184393,5.763406614236081
143,145,4,4,6,2.8879300994340604,0.6710330610551338,0.3318004504732974,3.014313536438844
144,146,4,5,6,3.0145206626164827,1.4571650343327578,0.2721144835522328,5.56122876836605
145,147,5,1,6,0.1798581912970467,1.8217041430660008,0.1003237099288261,15.791344190755249
146,148,5,2,6,1.277135316859049,0.9430251868217924,0.1504855283031518,5.70568502856921
147,149,5,3,6,2.649519827022284,1.904229225477562,0.1807615671616705,6.11990419299234
148,150,5,4,6,3.7117751504689194,1.3847065923702422,0.2710131199346279,4.966900705307439
149,151,5,5,6,3.763804244782602,4.194177871012937,0.1647940608616012,6.241863711128606
150,152,1,1,7,0.1698854121492918,0.8195272302869263,0.1009475172971608,15.788890504928869
151,153,1,2,7,0.0,3.561502860568996,0.1006525754601704,11.200694245994038
152,154,1,3,7,0.4467332413892471,9.16427046842636,0.2506445630998217,18.1572698381931
153,155,1,4,7,0.6485049807737351,9.861181721911798,0.2497207711794716,12.414252488331748
154,156,1,5,7,0.5830504256114132,9.954692587504056,0.262012442059196,9.189138420467753
155,157,2,1,7,0.0164773060392777,0.5209837306240024,0.1003649667251381,10.712144711222416
156,158,2,2,7,0.13589263182827,4.754973320972425,0.1004342746137861,12.162116358722836
157,159,2,3,7,0.6683126058627272,9.997891441722595,0.2206972260681297,15.97760145296126
158,160,2,4,7,0.8516744297763067,9.0510343489873,0.2229722662823213,10.946693696664456
159,161,2,5,7,1.0694744125385929,6.023432830563975,0.335533891058949,9.701825408969905
160,162,3,1,7,0.0,0.6534008607913773,0.1001763507592828,12.924938669925655
161,163,3,2,7,0.5584534553168807,3.357049376228063,0.1007555119542396,10.775284322666469
162,164,3,3,7,1.8428250800361945,8.976117396181083,0.2278669474336614,15.646060674930204
163,165,3,4,7,1.7530023422944283,1.6046414310237909,0.384551553436956,11.27509539680261
164,166,3,5,7,1.3799680133031087,3.869792397887343,0.3230365127992673,7.675385857820002
165,167,4,1,7,0.1664555140745399,0.5943456049521929,0.1006966416949219,11.849891608420624
166,168,4,2,7,1.2829122560512265,3.719359092235463,0.1008941574282314,11.174393982224592
167,169,4,3,7,1.7990514466966037,9.903107332267208,0.188525621558633,13.824860928299774
168,170,4,4,7,2.935416590313377,2.428240676754258,0.325134414688469,8.412622843820307
169,171,4,5,7,2.0668388234079123,8.246652221900156,0.2281569299197914,7.542866753169815
170,172,5,1,7,0.0,0.529309932352966,0.1005954080946096,9.255789137999905
171,173,5,2,7,1.0337429054840477,3.390609879539705,0.1025922984401283,11.13538163562272
172,174,5,3,7,3.0745722489550373,9.84791594301238,0.1900688862950743,13.206132296124974
173,175,5,4,7,4.290315969187764,5.113447599023209,0.2638012767084967,7.5202635416767025
174,176,5,5,7,3.907100451992703,7.130563645916687,0.1871245534029941,4.412858035648284
175,177,1,1,8,0.0,2.140869000124787,0.1095156568725159,11.825799362649615
176,178,1,2,8,0.2419992979330532,2.362850535113625,0.1005006326306707,8.181279861492477
177,179,1,3,8,0.3152241917694287,2.9495318280944187,0.1000376852653933,8.529492625603712
178,180,1,4,8,0.0355480084777056,2.608889621628057,0.1005750568453422,7.129287887779502
179,181,1,5,8,0.976530936210944,0.8405714846582697,0.3742861331884778,6.382258015305673
180,182,2,1,8,0.0,1.460277578365508,0.1260994543475516,9.063254910675695
181,183,2,2,8,0.6695044690524073,1.9146674595327144,0.1004893591092679,6.604141539215664
182,184,2,3,8,0.5613097027579143,0.739862005790421,0.2411218535462971,6.045869736755059
183,185,2,4,8,0.0227373667320489,2.506286510257119,0.1006583616332206,7.582679532591222
184,186,2,5,8,0.5887337941839521,5.944445910480832,0.101729412615294,7.625867960495952
185,187,3,1,8,0.0879632977443645,1.621020452770106,0.1005172062680833,9.834215855446892
186,188,3,2,8,0.109435769516354,2.183116486342481,0.1005380366122325,8.070897761704128
187,189,3,3,8,0.5393662091072972,2.8141866431363862,0.1004709125356994,6.804019726612657
188,190,3,4,8,1.1830527857761837,0.7054585619737379,0.2074852427496856,2.491591002665892
189,191,3,5,8,0.8244702529337531,7.430396263863139,0.185229579484121,10.24083491910883
190,192,4,1,8,1.3070494014721836,0.7878808524140366,0.1978940295075082,10.330324277134634
191,193,4,2,8,0.7653755429345902,1.8127392715456985,0.1202241300058711,6.874101022023378
192,194,4,3,8,1.7856808604885028,0.5538021843198724,0.3238539742998804,5.261073091220177
193,195,4,4,8,1.621180065628086,0.6245844628602022,0.279299262829113,4.645850797603859
194,196,4,5,8,2.631247230311388,1.473621257394119,0.1705724144448469,1.8360868547421725
195,197,5,1,8,1.7339404518909796,0.5171834768706676,0.1873167890992189,0.9405662915341186
196,198,5,2,8,1.5464267936001357,0.8230707853782082,0.202057276649974,5.997580497886084
197,199,5,3,8,1.7635068922536128,0.7625240267749804,0.2554450659093756,6.2012238529888775
198,200,5,4,8,1.3830610410802882,1.6863796382297809,0.1840248744134333,9.022255698780391
199,201,5,5,8,6.0,5.356281233140099,0.1098802190671343,3.181901980715936
200,202,1,1,9,0.3094743481978427,0.6226264801083659,0.1004152166575942,6.832014007941158
201,203,1,2,9,0.0,0.5256856108890915,0.1006188516887044,7.525640034701755
202,204,1,3,9,0.0,0.7620482073476538,0.1002513576176031,8.693252613973424
203,205,1,4,9,0.177133021640453,1.0782505404998544,0.1135944791994699,12.057690422978588
204,206,1,5,9,0.0162653663955724,2.204938437620088,0.1007649423582364,4.154361881255706
205,207,2,1,9,0.2050277274517396,0.5011163427686744,0.1005317536145644,6.481873206278292
206,208,2,2,9,0.0,0.945490202446539,0.1002969759350148,13.09402276021792
207,209,2,3,9,0.5626874853123299,0.6770121778341434,0.1008638551647885,9.428375905717328
208,210,2,4,9,0.0,0.8158746424495904,0.1003880428108431,9.189804112228392
209,211,2,5,9,0.2455842720175827,2.2452362771212866,0.1000407286726013,4.446761996082168
210,212,3,1,9,1.0994061005360167,0.7630599424840661,0.1005913959562174,15.15692165095372
211,213,3,2,9,0.1016820996416715,0.7670253140431669,0.1002579846703341,11.246730472808144
212,214,3,3,9,0.0018520370202218,0.5040748424351049,0.1004279867326289,4.867359472517146
213,215,3,4,9,0.0,0.7937833768934084,0.1009870639590917,8.35611772076726
214,216,3,5,9,0.0,2.9031199342084144,0.1137782004076292,4.601271092478096
215,217,4,1,9,0.0453109372856888,1.07001023519721,0.1005070486335841,13.329179810569556
216,218,4,2,9,0.3266695535379844,0.914966517327251,0.1000149555343394,10.845774443540757
217,219,4,3,9,0.0716589126582407,0.5202401465493258,0.1000361073373438,4.387624958440055
218,220,4,4,9,0.1378577931209739,0.7723663427421048,0.1009637926023145,7.342077078877591
219,221,4,5,9,0.0,1.582837171007473,0.1010056919375625,3.277931454636813
220,222,5,1,9,0.0,0.5018068754432718,0.1009573780492186,7.077394651916353
221,223,5,2,9,0.0,0.5152460121917173,0.1004090753685346,4.495810253371828
222,224,5,3,9,0.0,1.0407848552381465,0.1024486848681785,14.208661458885349
223,225,5,4,9,0.0197722561171436,0.7311346635409528,0.1007801306250852,7.878173147621239
224,226,5,5,9,0.3398080242830245,0.8859901362128397,0.3281326743035518,3.416413347319652
225,227,1,1,10,0.0899692193422793,1.141679784399889,0.100217065493132,10.517507489084682
226,228,1,2,10,0.1821142232259281,1.887787505953676,0.1010673860636108,7.458014520496424
227,229,1,3,10,0.536305327683853,3.534196655813799,0.1004232067347963,7.589776093881693
228,230,1,4,10,0.3870789378625768,5.415317431295708,0.101627505239809,8.1713911399025
229,231,1,5,10,0.645497028357252,0.9320865137785797,0.348846604014125,4.059955642490838
230,232,2,1,10,0.0648002054107896,0.6944166789532256,0.1001775913443764,5.258035986965148
231,233,2,2,10,0.2730394014091253,1.8285213790574264,0.1013849370870797,8.04037888160315
232,234,2,3,10,0.8266266894914999,4.957671017558108,0.1002536099479288,8.319431630926745
233,235,2,4,10,1.035553202802271,3.543804215117879,0.1755044653024548,8.735999284643151
234,236,2,5,10,1.0478402192286838,1.0050987699612923,0.3474643707117357,4.607472793104463
235,237,3,1,10,0.0,1.8531476269729783,0.1005882500903232,13.996204847182318
236,238,3,2,10,0.5961326559958036,1.6107664665836223,0.1001099658628514,7.061432910555904
237,239,3,3,10,1.435331677078316,1.8332799927350971,0.1840868893135263,6.790735848318534
238,240,3,4,10,1.5987686977339584,1.2874295062701115,0.274123286081625,7.538728685943981
239,241,3,5,10,2.0559789367771018,1.4320359049119542,0.2940654928203594,4.386330917415773
240,242,4,1,10,0.2552934975962841,0.8366124326240536,0.1009427023216081,7.129061496989868
241,243,4,2,10,1.3470656739833289,0.6795477148071889,0.2064146889226871,5.227452202925685
242,244,4,3,10,2.606774110391039,1.074386604192232,0.2730419931677181,6.596387596739818
243,245,4,4,10,2.655069673220162,0.9119188009191168,0.3033252765539768,6.24048344432319
244,246,4,5,10,2.784521096077366,6.889320758047655,0.1015808830259125,6.281380910025074
245,247,5,1,10,0.6645447473680117,0.8307370727424548,0.103074369946673,6.593652009415378
246,248,5,2,10,1.4159800727674494,0.7297280709176155,0.1824988279076325,5.238859333636484
247,249,5,3,10,1.8932817506532151,3.836935978810638,0.1043749829853725,7.693552133510016
248,250,5,4,10,3.0016619812610443,1.0444336200358748,0.2870508161386279,6.217626015857523
249,251,5,5,10,3.293007499178908,3.639225540732781,0.2151320210539976,6.765784247401903
0,2,1,1,11,0.465864873417311,1.3660394646402994,0.1003986342421682,8.526644344514882
1,3,1,2,11,0.2410255009640893,3.6608111829914622,0.1001007448683449,11.838688705936164
2,4,1,3,11,0.7155395247768689,7.7534192177906,0.1029194076470485,14.645458660495084
3,5,1,4,11,0.8370373183502325,7.550732742492008,0.1077976316854305,13.84368724805566
4,6,1,5,11,0.6279642617972452,0.6835783873216661,0.2725689425186405,3.772326007894511
5,7,2,1,11,0.5094143937649046,2.060141297110236,0.1002456065249012,10.70829386814721
6,8,2,2,11,0.9478800305085832,2.3066398493663245,0.1006387409259267,9.519237110748891
7,9,2,3,11,0.6753747975489445,4.654060688286475,0.1004422878205782,12.268866497128965
8,10,2,4,11,0.9489970155078562,2.5364011378435016,0.1851985178107485,14.440668027296296
9,11,2,5,11,1.4051510537657856,0.9126754344746306,0.2479394571222375,6.807979354579162
10,12,3,1,11,0.7260821590941023,1.0123000754264746,0.1518269693590181,8.772436676706237
11,13,3,2,11,1.0415811960920691,1.89200822534882,0.1008710450197712,8.542871791697818
12,14,3,3,11,1.290872418204005,4.850656261995563,0.1363435765827908,14.143506853152696
13,15,3,4,11,1.7808134798537851,8.06699091344701,0.1375017472773154,15.916336928045384
14,16,3,5,11,2.0940402601317625,0.8181668170716945,0.2777205768241427,7.479108064337641
15,17,4,1,11,1.236517171490087,1.3561703134257184,0.1002042427813432,8.01137795977596
16,18,4,2,11,1.5629746996632197,3.111924763383418,0.1005219156281149,10.660944969506769
17,19,4,3,11,2.809718591561428,2.680082188679548,0.1707577435956899,12.451144995332042
18,20,4,4,11,3.3300548949229687,2.8712117616416597,0.1918722776340947,12.624395422611093
19,21,4,5,11,3.0947505949210923,0.9613102766458876,0.2602275315793035,6.883906768299964
20,22,5,1,11,1.4872408875180296,1.524286851114364,0.1001433706833228,8.41646982134411
21,23,5,2,11,2.1599721679128474,6.84028932749106,0.1000131703534126,14.039108714618717
22,24,5,3,11,2.935814418876903,2.133181735963378,0.190181291787517,12.825006356585815
23,25,5,4,11,4.042142657586226,1.1979997621339438,0.2418807357957203,9.678986596963425
24,26,5,5,11,3.809022182130139,1.2796671332656755,0.2475740144246915,6.406304730447689
25,27,1,1,12,0.0090128291820933,0.6649309744314635,0.1003476322912126,7.73798193525106
26,28,1,2,12,0.2009589371173526,1.0930086973370976,0.1002693798846057,7.29220278125927
27,29,1,3,12,0.0467305508533356,4.609051388108333,0.1008329579747848,9.64494110816995
28,30,1,4,12,0.4504735577217525,3.66419801555009,0.1008021971418894,8.372695550518198
29,31,1,5,12,0.5607969996729651,1.2178585212798367,0.2625468943015955,5.290916679927629
30,32,2,1,12,0.0192873756469295,0.9642778547247328,0.1005595015733932,11.5952629476897
31,33,2,2,12,0.3946229822139261,1.3257727309164735,0.1004564567230813,7.9745207340619615
32,34,2,3,12,0.8531959891936959,1.2890385053500086,0.207318502908011,7.926145818094403
33,35,2,4,12,1.073059910039194,1.433695024307557,0.2032104512959713,6.725727585324388
34,36,2,5,12,0.8795017680459841,1.4121747114475816,0.2332021306420841,4.727188833722688
35,37,3,1,12,0.1444046828083637,0.7151276577290577,0.1009005553476617,9.305809781146394
36,38,3,2,12,0.0434175527223686,1.5176609289882856,0.100074596179884,8.296267889763625
37,39,3,3,12,1.5037760066435182,1.491779549501132,0.2054202814965519,8.009686607648515
38,40,3,4,12,1.2836739345549324,0.89474888456468,0.2485054880733127,5.006086715023004
39,41,3,5,12,1.339613709903201,1.3388199812014945,0.2617733574911495,5.33167093083072
40,42,4,1,12,0.154753505505329,0.6956034346985751,0.1009905853469851,8.783150486322635
41,43,4,2,12,0.450671458496406,1.5295807035428162,0.1023319312368914,8.386642338264481
42,44,4,3,12,2.116970171668197,1.742777252320157,0.1957340505910909,7.492915621336217
43,45,4,4,12,2.513352632094516,1.4299412763262356,0.2169091191342714,6.119795496776213
44,46,4,5,12,1.851100112951886,1.2946577070370937,0.2585057135119141,5.768475749912762
45,47,5,1,12,0.3980897011590428,0.7138658451142179,0.1003914747526485,7.718929749791553
46,48,5,2,12,1.2315294489539526,0.6914893483286217,0.1774672233828625,6.124245597662482
47,49,5,3,12,1.6197463824337752,1.5910216287105765,0.1814795478670601,8.13992212343779
48,50,5,4,12,1.9862619524488383,1.6178370647720772,0.2036808511769492,7.72892388319305
49,51,5,5,12,3.24947421250422,2.340368414721991,0.1901724130108771,4.75530303611801
50,52,1,1,13,0.3010757526128396,0.8366979666045804,0.1004177575402462,4.904547112839792
51,53,1,2,13,0.1385122616742057,1.5888483856625752,0.1008974956044987,6.809421046034081
52,54,1,3,13,0.219847865028985,3.5194039022395973,0.1019074514808701,9.287224022520537
53,55,1,4,13,0.4724564087114213,1.569713140330605,0.1219525510496737,5.291687701644621
54,56,1,5,13,0.5791886894749227,2.281296880478236,0.1608291819833275,6.9671243633208
55,57,2,1,13,0.3307376591675983,1.0187052423125025,0.1008556592767785,6.840609095241292
56,58,2,2,13,0.5437022488963174,1.210078932817379,0.1003709752833791,6.021976749820492
57,59,2,3,13,0.2759233991237994,1.9177877782101895,0.1007965492789397,7.034264604723141
58,60,2,4,13,0.5377591491583468,2.5234479350614327,0.1075448539554123,7.532578974025943
59,61,2,5,13,1.134752353255584,0.8256320519447886,0.2776066504306664,5.4042418074526575
60,62,3,1,13,0.2549464349390435,0.8439503530100296,0.1006632640847838,5.345136771278487
61,63,3,2,13,0.5759702409796286,1.2893961343345697,0.1007438149298704,5.90473210147158
62,64,3,3,13,1.2258350112741212,2.7888025617559005,0.1120423567934353,7.861189870831918
63,65,3,4,13,0.6467222580580111,2.3947710622936,0.1173787821394752,7.307036721018408
64,66,3,5,13,1.2199127911596408,1.153058284578318,0.2353843045158182,5.470141290548604
65,67,4,1,13,0.2891611676089747,1.09319415580625,0.1025495382813858,7.44806893121006
66,68,4,2,13,0.7570280416743371,1.4756170815633372,0.1009811795709286,6.448466741676439
67,69,4,3,13,1.4843089682340291,1.4236346962098687,0.1923551654967701,7.782825776263146
68,70,4,4,13,0.9871058426319989,2.036554603550984,0.130889484106996,7.101285647700233
69,71,4,5,13,2.048193458851134,0.7851760163924677,0.3027970614582732,5.828462756840657
70,72,5,1,13,0.5517807642494086,0.7866438831567928,0.1061470653095401,3.704504941408613
71,73,5,2,13,1.0040673803431308,1.356866845891012,0.1008033650701032,5.607728084472567
72,74,5,3,13,1.2866703141652296,2.2215524317690654,0.1005249492167054,6.951509250860296
73,75,5,4,13,1.9584055188565976,2.1164964340511703,0.1007960631585789,5.456566701239773
74,76,5,5,13,2.2560116649687187,1.6126822697805667,0.1535791682994381,2.9488905615366967
75,77,1,1,14,1.1797597004316829,0.5032029329297503,0.2094848703860301,19.340585596381256
76,78,1,2,14,0.3763107547271614,0.5003248869297661,0.2077698716224571,11.72181992664075
77,79,1,3,14,0.2851603306646543,0.5002289983575947,0.2019481313737565,3.533414550652384
78,80,1,4,14,0.0979079393752402,0.508986255731994,0.1998856701990025,1.1765623486294077
79,81,1,5,14,0.5097487779111366,1.4632889084014318,0.100125649314364,4.39738848439421
80,82,2,1,14,0.1220740141295988,0.5027974302198466,0.2108786867014895,17.45232716698834
81,83,2,2,14,1.1217564092201402,0.5016380281779291,0.1982336989712459,10.559425994451264
82,84,2,3,14,0.0886321454004492,0.5007248004149387,0.1895093015168326,3.6381747085322793
83,85,2,4,14,0.4282335260498705,1.0533460171951248,0.1067589405475248,5.515417436764409
84,86,2,5,14,0.4885272900573492,0.8657151389429822,0.1005065917033757,2.993139960999563
85,87,3,1,14,1.1604437278622934,0.5278958624034686,0.214325166872475,22.68837342279266
86,88,3,2,14,0.0020656378900811,1.3085514878800253,0.1006597825690024,10.75951794332158
87,89,3,3,14,0.6016461419916936,0.5011412935870094,0.1960828537726079,5.936818786885299
88,90,3,4,14,0.6144746003535366,0.5013032808690934,0.1990689353957411,-0.0446325678694651
89,91,3,5,14,3.6207658731176083e-07,0.5051426542624888,0.1923684255461523,-1.8208995414989624
90,92,4,1,14,0.9417860407665568,0.509300370009961,0.2164396862446732,23.794055458801523
91,93,4,2,14,0.4667707405283559,0.5009511841332008,0.2155574940161962,10.451780979434224
92,94,4,3,14,0.9196519059704068,0.5820065700686534,0.1635752284047917,4.836385796212716
93,95,4,4,14,0.4284122516462092,0.5008171551634826,0.2014675696972537,1.880324522158694
94,96,4,5,14,0.8904956980147101,0.5008757055998547,0.1907069432702853,-2.539510265738195
95,97,5,1,14,0.8052460139969516,0.5009266285527003,0.2063380657147516,15.630248935939616
96,98,5,2,14,1.0462994325326591,0.5020805036107712,0.2105001110303015,6.735666119304306
97,99,5,3,14,0.5321968473657365,1.359970588498824,0.1006356885627827,9.039775661416256
98,100,5,4,14,0.5286723131540699,0.5006902216443354,0.2046679107132706,1.6788920750720413
99,101,5,5,14,0.9983564284189544,0.5058726783048151,0.1946131888993405,-1.925153042222745
100,102,1,1,15,0.1275277672696324,4.729571665716288,0.1009170798820148,29.259120197478342
101,103,1,2,15,0.2658365273608673,0.8923629070300683,0.1006654851471143,7.095898744384136
102,104,1,3,15,0.5587595485261291,4.975282884356918,0.1043457369914378,8.579992644278953
103,105,1,4,15,0.5469411043646151,4.610779909999667,0.1003412043273886,8.060856828151683
104,106,1,5,15,0.4983738215106171,1.8504382404451776,0.1743292071232788,4.421886135163527
105,107,2,1,15,0.7612574456175393,4.777755912081188,0.1002440314245994,29.4594905316146
106,108,2,2,15,0.1487500830734346,0.7178033058347255,0.1311789217276908,6.920432800537586
107,109,2,3,15,0.7131568873752737,4.238263887907868,0.1003845645392256,7.808508587995647
108,110,2,4,15,0.8818442485525584,3.762089750304095,0.1222024781584528,7.903061796807776
109,111,2,5,15,0.773523645010394,1.0171928794275384,0.2802947867641834,3.3706828890743235
110,112,3,1,15,0.243560311352065,2.961697814494982,0.10066522241225,25.38198895332531
111,113,3,2,15,0.6286073058081614,1.0458792488797783,0.1005316773308849,7.898206574256488
112,114,3,3,15,1.2683261905075582,1.8316299593268228,0.2005588432978031,7.36805960092489
113,115,3,4,15,0.9171202690135016,3.231776066301121,0.1001663420896114,7.032646685801929
114,116,3,5,15,1.7132201351121628,1.8800218698331728,0.2171571268358214,5.222709946267208
115,117,4,1,15,0.2507644933309549,2.0542013196300606,0.100906901874125,20.626105482804302
116,118,4,2,15,0.2988953731530999,0.891153399127063,0.1003535117206878,7.220894935097568
117,119,4,3,15,1.4899882326204317,3.359640696990249,0.1006393547815246,7.023021901381808
118,120,4,4,15,1.4389720827176593,4.503692669068553,0.1022367333605269,7.730335069161428
119,121,4,5,15,2.298259505893233,1.3733818653137368,0.2558545592743484,3.977612374084936
120,122,5,1,15,0.0037935418801877,1.4356559914903153,0.1002836316007969,18.12801951344902
121,123,5,2,15,0.5343749260461323,0.7367096106481723,0.1005880194412319,4.440422018290164
122,124,5,3,15,2.2683397858554573,1.2833988586833271,0.2418645385148142,7.3203502682099
123,125,5,4,15,1.9202994345384148,1.7203823953814013,0.1810123982470434,6.118463862946487
124,126,5,5,15,3.0660974100260763,1.6789821519756782,0.2446116164933102,4.881387620050256
125,127,1,1,16,0.1903907686273074,0.935449281610408,0.1007568900908777,9.770777093475022
126,128,1,2,16,0.3272658796826235,1.6244959085536066,0.100066887006521,8.409505604555545
127,129,1,3,16,0.4442508424345597,2.5144803929728505,0.1004195224441182,7.495260164780307
128,130,1,4,16,0.545182759492544,2.9753193128155333,0.1003432131061856,6.414433519193301
129,131,1,5,16,0.6547025473323295,1.4426230902725194,0.2269159172672714,3.980548206121764
130,132,2,1,16,0.0,1.17067912003255,0.1002069083660963,10.955441364803894
131,133,2,2,16,0.0254959061120767,1.9410898576977669,0.1001786920710814,9.7202399244323
132,134,2,3,16,0.8198435281675795,2.7780409424767085,0.1002875225477823,7.288683738270077
133,135,2,4,16,1.1109608394640285,4.505038052688519,0.1054645875071322,7.593848172277863
134,136,2,5,16,1.1643422602745896,1.9157257678389872,0.1642510936595157,4.067136585632351
135,137,3,1,16,0.0,1.049024218203538,0.1005742093606533,11.121949667284468
136,138,3,2,16,0.4409358751334554,1.862858733478192,0.100601294149179,9.905573129407378
137,139,3,3,16,0.7448349084363335,3.2804605660969406,0.1007667449688596,8.24505653485288
138,140,3,4,16,1.3667330325416105,1.682258512632611,0.2147172651591382,6.83060274002539
139,141,3,5,16,1.793775314303494,1.2890178446874918,0.2335123129585769,3.2093348397928905
140,142,4,1,16,0.0362274689053774,0.8716633545091668,0.1002810255727192,9.578320903726723
141,143,4,2,16,0.8991611456823977,1.3224846049629655,0.1002399078041395,7.478372311725097
142,144,4,3,16,1.726615619256659,2.117326413056465,0.1739650541246595,8.496733254890648
143,145,4,4,16,2.4335093100480614,1.0730092207065178,0.271881508849814,5.760305172434105
144,146,4,5,16,2.578402416081402,0.9230343320155504,0.3257860872420496,3.4677266440571617
145,147,5,1,16,0.3324912285564012,0.8625922037297222,0.1008013600245075,8.976456893013612
146,148,5,2,16,1.120768517185063,1.8642075934498443,0.1009938080490948,8.885591560417977
147,149,5,3,16,2.046409175676443,1.205359094141044,0.1878830714129113,5.578449717520908
148,150,5,4,16,2.785755577786152,1.1602227435691237,0.2359777972299903,4.533686249330176
149,151,5,5,16,3.169748227663962,1.4403315236935166,0.2747979587258666,4.370498046164427
150,152,1,1,17,0.082459034644657,8.141421106054462,0.107020339204841,13.9071008401891
151,153,1,2,17,0.998959070569884,3.1802443689351536,0.1014683473701177,8.098130076447315
152,154,1,3,17,0.2860527874975821,1.1440065882559471,0.2702251641834742,3.43838584608402
153,155,1,4,17,0.5761430968065655,8.630237213040868,0.226861054065025,9.846397830343893
154,156,1,5,17,1.33828442100868,0.6571918366038005,0.4788744028901172,1.6937514237700917
155,157,2,1,17,0.6572012907515875,3.892229519356587,0.1560888656834033,13.20152560191837
156,158,2,2,17,1.1947841849747034,7.19518583597589,0.1074950747878518,10.895400490019323
157,159,2,3,17,1.338352617965265,0.5033073268561763,0.4059155459514869,-3.7422133778658537
158,160,2,4,17,1.14819995481669,1.7157249322987775,0.3307366083329763,8.089659559125986
159,161,2,5,17,1.0562529504246023,1.1145938710326142,0.3401783323623535,2.4775806714259514
160,162,3,1,17,0.4973145627076691,0.5102985994292757,0.2454449445722055,-0.3307372637187256
161,163,3,2,17,2.040861758790356,1.546938260755396,0.2358995654258766,8.86521484062348
162,164,3,3,17,1.519522166724767,0.9126562409206064,0.3030141428923826,1.8756541932578272
163,165,3,4,17,2.9715636790981503,1.6931301178133418,0.3563813428339307,4.808598081461591
164,166,3,5,17,2.172386883700113,5.364425113925217,0.1643132926997538,5.368050385505796
165,167,4,1,17,0.9645944040290948,9.497433643250236,0.1115318595429871,15.567678193184683
166,168,4,2,17,1.5500027697324703,1.1018991763136017,0.2223359711235453,8.18629713891582
167,169,4,3,17,1.9218534819034216,0.593803522708618,0.4046975865941218,0.8385313610737202
168,170,4,4,17,2.3503792987255525,1.0889592829984798,0.370743202934353,5.284278001150218
169,171,4,5,17,6.0,0.7928072478820329,0.4022975088438302,-9.28979412705305
170,172,5,1,17,0.9269056678810184,5.829484525766471,0.1026696429018797,12.44191574437664
171,173,5,2,17,1.6411347724369978,0.502890628721949,0.2929855889954886,4.438492455083183
172,174,5,3,17,2.75406582604123,1.508120362817742,0.2743448886254311,4.1161501069460025
173,175,5,4,17,4.189274630908017,3.791955587488325,0.2528732547231329,5.975952976444005
174,176,5,5,17,6.0,2.664275053994753,0.2395736433522731,0.3814464684827122
175,177,1,1,18,0.0,1.017670345101091,0.1000657515561865,13.18186189570297
176,178,1,2,18,0.288234701350793,1.4143385830613928,0.1004403191130108,7.106613247019423
177,179,1,3,18,0.5162905059402183,3.513819611998886,0.1002559494258187,7.491039766965574
178,180,1,4,18,0.4011163241378906,1.2706356284206302,0.2158725055051402,5.464944513692966
179,181,1,5,18,0.3843454372979107,1.3040171564364522,0.1863260560274595,3.579786920409201
180,182,2,1,18,0.2228656525835662,0.7268040163507052,0.1007592956526893,10.415078470244282
181,183,2,2,18,0.5047865304015515,1.0362545069647933,0.1005780423609516,5.140413999891924
182,184,2,3,18,1.0422061360780377,1.1347514579102684,0.258787010583889,7.591164811295895
183,185,2,4,18,1.1199322096258495,1.00129044298024,0.2619018506338871,4.837225886713954
184,186,2,5,18,0.6245848472947089,1.087560023797188,0.2027329062428856,2.8694165707812624
185,187,3,1,18,0.0,0.7709935744797463,0.1008660621046068,10.580823127112826
186,188,3,2,18,0.5889363193427939,1.4979191741682096,0.1040870922285079,7.322477290063771
187,189,3,3,18,1.3818313225274714,0.9799375772849396,0.2438015680301806,6.17776489449377
188,190,3,4,18,1.5761361756580958,2.259359490744892,0.1661809979014767,6.504505730422779
189,191,3,5,18,1.654553444761797,1.4964193626836213,0.197675907917278,3.697803425528241
190,192,4,1,18,0.1070734787244043,0.7553743237339887,0.1001244542825152,9.658774900963918
191,193,4,2,18,0.9649217906322144,1.2256711672160847,0.1003161414184138,5.871763137536808
192,194,4,3,18,2.552856590768341,0.8673332512663077,0.2715266408783985,4.756391616496434
193,195,4,4,18,2.4385462274460727,1.2826803083805167,0.2642877865416025,6.292353346069467
194,196,4,5,18,2.309772947137339,0.8228822598259926,0.3022617439564899,2.8507115246568007
195,197,5,1,18,0.0032309080420402,1.8242961265880735,0.1005949059599143,17.98481127746319
196,198,5,2,18,1.3518582259079213,0.6605642184526914,0.1668723128719044,3.8120781545626983
197,199,5,3,18,2.7581079122598404,1.0129411631007557,0.2640208405149621,5.957907849483786
198,200,5,4,18,2.70960175079058,1.3754863917783045,0.2202861429906272,4.4805699516355
199,201,5,5,18,2.5565494703536977,1.2135421349880158,0.2316824553501513,3.0144495440728907
200,202,1,1,19,0.0,0.756566446473256,0.1000037439964725,7.244014951677876
201,203,1,2,19,0.1210341856734881,1.3669708405322831,0.1009429597110353,6.500312919577507
202,204,1,3,19,0.595240956652933,3.3007800830835423,0.1006242538229276,8.329032146457013
203,205,1,4,19,0.6612066303028029,4.914028556929333,0.1005243687961964,8.701039431878563
204,206,1,5,19,0.199922445446568,4.967142723057626,0.1006041220785637,6.950347849094916
205,207,2,1,19,0.0112373577780717,1.013090861517732,0.1016638655902104,9.67793795694034
206,208,2,2,19,0.5073498526069748,1.1552939376965812,0.1006499445765771,5.516402166360171
207,209,2,3,19,0.3231644779867987,2.295368689080949,0.1002095117447332,7.15298589592556
208,210,2,4,19,0.5619659730683358,7.896749430117524,0.1004888129115318,10.580817346226338
209,211,2,5,19,1.029138062592497,1.563914550673073,0.2747506752790054,7.050144436907225
210,212,3,1,19,0.1243771893948523,0.8313429180392031,0.1002664965177075,8.080508541378526
211,213,3,2,19,0.6256932697965467,1.939481942064134,0.1004258667760497,7.6454453405312
212,214,3,3,19,1.163154250595915,8.89730585170347,0.100524558982043,10.864493330009282
213,215,3,4,19,1.0198726912343263,4.002490242019054,0.1004245297648926,8.320646670325806
214,216,3,5,19,2.2072067624638394,6.6243724363942,0.1571600850503162,8.804113728716528
215,217,4,1,19,0.1156556284735329,0.8097001323268396,0.1006174509033169,8.639688777009919
216,218,4,2,19,1.068331127142103,1.709762555655932,0.1019261916092532,7.110553528064179
217,219,4,3,19,1.0065299503475778,2.0004058047645974,0.1004336766021771,5.97339083136492
218,220,4,4,19,2.086884406241416,8.65988589826798,0.1035087483050017,10.70683954603152
219,221,4,5,19,2.6470755738321463,0.9814836237984296,0.3398603841823316,7.059242429131844
220,222,5,1,19,0.2505654990491036,0.8514002604026398,0.1001713374176452,9.35604704967213
221,223,5,2,19,1.068002744633245,1.7672466300602565,0.1001591799584513,7.309694116165632
222,224,5,3,19,1.6866613464663172,2.0905317751159607,0.1345493829114779,7.387003687147693
223,225,5,4,19,2.72128217261167,9.756700150506228,0.111063474819275,10.758861436987464
224,226,5,5,19,3.4154886368022326,2.026625534870348,0.2500791659880951,6.329506472823415
225,227,1,1,20,0.3889292817802638,2.975951660678904,0.1009130898102138,5.065179517951041
226,228,1,2,20,0.0,2.6006862033364624,0.1038002415946515,5.240588074774354
227,229,1,3,20,0.4317061383089423,3.2520137281441848,0.1038850999967857,5.9596364395683565
228,230,1,4,20,0.297710304814768,2.547968850009802,0.1023023520520642,5.0504966738382455
229,231,1,5,20,0.457094158424895,4.130712257228355,0.1038468462398576,4.971109868758667
230,232,2,1,20,0.6506390196524653,1.808313314709192,0.1248755011813215,4.399396724655444
231,233,2,2,20,0.158577064584463,2.1766874402510887,0.1046491829618822,5.11314898525055
232,234,2,3,20,0.965642967670154,1.0393358996405402,0.3677080676557955,6.996035734742738
233,235,2,4,20,1.4591410152779427,2.775356785134376,0.196446436434151,6.989063227386096
234,236,2,5,20,1.232046528097432,0.8229512064253495,0.4568940857056645,6.070677710470288
235,237,3,1,20,0.8775305973115757,3.543572293133032,0.101485131444647,5.988712501995871
236,238,3,2,20,0.5086427578358155,1.907951941974156,0.1046629251489669,4.82976448476259
237,239,3,3,20,0.6847985655599933,1.8896333069517617,0.2110177872191999,5.042343712898607
238,240,3,4,20,1.0874047526859856,1.3537056031951875,0.2426346019306711,5.961132832733468
239,241,3,5,20,1.1642310224343675,2.6082705142970646,0.1085152110290628,3.530526078227525
240,242,4,1,20,1.202177329430696,0.9522832553606966,0.1943556787883159,2.188787427819112
241,243,4,2,20,1.3432617381661482,0.7478472002416288,0.1743013405921244,0.641378459891104
242,244,4,3,20,2.217964781157447,0.759495638996996,0.3064448671032311,2.179864379539619
243,245,4,4,20,1.9172822466801664,2.1226195469224547,0.1577866612277012,4.061598523040315
244,246,4,5,20,2.1024999634514216,1.5330052312857163,0.3234580550565253,3.288942764624133
245,247,5,1,20,2.433544140377863,1.400904775972255,0.3179204225253781,5.519717578657187
246,248,5,2,20,1.3286465157703389,1.7583837105574425,0.1370128377794557,4.216936858704075
247,249,5,3,20,0.8870754284885998,2.1938914248042405,0.1021065098561808,5.074377729101998
248,250,5,4,20,2.0966531742703114,0.6672708650761008,0.3007362786496946,-0.1564096738911378
249,251,5,5,20,5.710808105570111,2.7454864007901283,0.1004945637246272,-0.2574410955375913
0,2,1,1,21,0.2721215922788585,9.858896040984858,0.1562123138269925,18.831495750963096
1,3,1,2,21,0.4222127764579647,8.010969687630258,0.1606598168209375,17.033602281941512
2,4,1,3,21,0.521420548181799,3.190989095417329,0.2128685306138599,14.939078254937348
3,5,1,4,21,0.6076380822995713,6.941437734864496,0.1507535659060344,13.571225153820828
4,6,1,5,21,0.9612261476583464,1.422600985155038,0.3367737959051065,10.839801439220842
5,7,2,1,21,0.801753139775139,8.6490776011469,0.1620229382532992,18.643101101009695
6,8,2,2,21,0.6442808457582683,8.822769081619487,0.1600567282739473,17.121654984562362
7,9,2,3,21,0.9995868901479902,9.341347965154531,0.1336608493257374,14.627579733997994
8,10,2,4,21,1.3107987148537483,1.334449047132297,0.2843328109189774,15.961614189459494
9,11,2,5,21,1.648674012985034,1.2515890698914318,0.3411140030343015,10.77079638116814
10,12,3,1,21,1.3428876609435456,2.6334065653602514,0.23012600324623,19.21234405618153
11,13,3,2,21,1.7395579728418984,0.60070023632949,0.3031536250112163,15.933586121244796
12,14,3,3,21,1.6711901769822273,3.825201013078628,0.2031170830436628,15.46658316263442
13,15,3,4,21,1.793038580959876,3.0740063098204926,0.2379437558158311,16.050242482742426
14,16,3,5,21,1.794623985834762,3.162467225881096,0.2770370355033733,12.241751096772376
15,17,4,1,21,1.6747646958633258,9.549194968757927,0.1515647592581004,19.321189520496944
16,18,4,2,21,2.0345718484820385,6.921136026060736,0.1795551870219136,17.84195210229932
17,19,4,3,21,2.485649219377545,1.4571937569384446,0.2735522576705413,16.544858287009003
18,20,4,4,21,2.987268325771361,0.7880180604320319,0.3007842196302508,11.693412077001003
19,21,4,5,21,3.579362756599656,1.3541969853632008,0.328014090954213,9.424064337388923
20,22,5,1,21,2.5895433317432954,9.719907959476531,0.1712876081774548,21.086786594646146
21,23,5,2,21,3.396580830527528,0.5221472694239022,0.3103687222499227,13.439451686591694
22,24,5,3,21,2.52170949926812,9.90050701490451,0.1246004264442914,14.181525133892515
23,25,5,4,21,3.874332967020379,6.097303465878995,0.1962365700984975,15.809706540249426
24,26,5,5,21,4.551251286780362,2.248957707419301,0.2882764567255109,8.807631619011934
25,27,1,1,22,0.4996957028339261,0.6066897335222583,0.1008345762068805,6.409559574620389
26,28,1,2,22,0.2356887424427874,1.1592573639724444,0.1004567225843015,5.55874971046386
27,29,1,3,22,0.4408517370117133,3.486804212822425,0.1004830829824106,6.988476967759924
28,30,1,4,22,0.8870919480368437,0.6006734956117565,0.3552657940087537,0.4260015447038277
29,31,1,5,22,0.517993380123786,0.5310676482489223,0.3646967268947477,-4.399743279503392
30,32,2,1,22,0.1433535423025312,0.6982604284665843,0.1001576876127861,8.142583400935616
31,33,2,2,22,0.6283042148275726,1.3385647490153008,0.1006473769674558,6.047308653555588
32,34,2,3,22,0.9860754827580624,2.207783925028824,0.224258932928365,8.997506491177324
33,35,2,4,22,1.2467425809750836,0.906219907744287,0.3270130694249175,4.727474854683719
34,36,2,5,22,1.0314246329619077,0.8309224907537187,0.3334213576007139,2.166571825294593
35,37,3,1,22,0.0999991550881347,0.7812508864141456,0.1009096954061523,10.359673492895418
36,38,3,2,22,0.5713880115823599,1.4861665875840706,0.1004312918839673,6.5394100854688535
37,39,3,3,22,1.4943151560473371,0.7403896147497147,0.3216074113776755,5.913579825711598
38,40,3,4,22,1.1714821870169108,0.5020271577042896,0.3538092007737386,-4.407058998095338
39,41,3,5,22,1.7079031911397955,1.1824391799091432,0.2944629911080843,3.4654104343100296
40,42,4,1,22,0.2635506687519762,0.7505974807101339,0.1009094073318857,9.212367113512856
41,43,4,2,22,0.8913621165027691,1.1114722879004608,0.1001821617176501,5.703581529982468
42,44,4,3,22,2.146131473600905,2.227907688032496,0.2251867304714291,8.931155197875148
43,45,4,4,22,2.257468351511,0.8934815489386283,0.3212415923986084,4.714695960310831
44,46,4,5,22,2.236222694525306,1.260325915317316,0.2801562703501579,3.9361808668373
45,47,5,1,22,0.4051011725304844,0.5632912997546606,0.100195503405798,6.440959951196098
46,48,5,2,22,0.8454866173434621,1.173580247495952,0.1282440201088466,6.660216451607171
47,49,5,3,22,3.0174229367384173,0.9704264242118166,0.3014819430526287,7.769185138117924
48,50,5,4,22,3.328853818294613,1.1709508365988404,0.3062375257861384,6.006821654683783
49,51,5,5,22,3.021604581671665,0.9572219395405668,0.3324437866861769,4.810692273244336
50,52,1,1,23,0.0,2.866451339316845,0.1040187456181828,4.300933109154885
51,53,1,2,23,0.3355189810094388,1.8336691398891565,0.1018011459877178,2.9540211656656923
52,54,1,3,23,0.1112275669425163,2.473490967867908,0.1018683993293201,4.140016121427902
53,55,1,4,23,0.3986469232596839,2.3254933061972336,0.1034961766512805,3.233617982808743
54,56,1,5,23,0.5913820161144628,2.2496560395579825,0.1271001206450131,3.839070330831216
55,57,2,1,23,0.3312725426643687,1.586840907576044,0.1091471744594127,3.311768104341076
56,58,2,2,23,0.1090516555390764,1.878594589108972,0.1010633053880867,3.1417732200043327
57,59,2,3,23,0.0,1.627458768001524,0.2408000487092426,4.578693132893126
58,60,2,4,23,0.1433743602346464,0.9941822308432648,0.315088373427428,1.7602755629319633
59,61,2,5,23,0.5004526457573132,0.8336862079548082,0.324962606715017,3.3888137933894957
60,62,3,1,23,0.3271341847088247,1.5750045576871945,0.1006538917789616,3.0259627163318967
61,63,3,2,23,0.7489686153723103,2.5096940540452715,0.1033391499321932,3.676118397515981
62,64,3,3,23,0.3595860301285237,0.9238218635742452,0.3359346566045667,4.061101665978397
63,65,3,4,23,0.3066923644454377,1.909705585290414,0.1442763625870264,2.998306261780177
64,66,3,5,23,0.4374071308718789,2.061574441157433,0.1044184548271672,3.524797896977053
65,67,4,1,23,1.207350151776827,1.966333718610263,0.1015043518084187,3.4379472512703817
66,68,4,2,23,0.1147766937158,1.7324664274756656,0.1025795478053037,3.4084580172201595
67,69,4,3,23,0.648336928619542,2.2022891120822545,0.1744843416519031,4.896685299061897
68,70,4,4,23,0.7523437366488216,0.5257935005542507,0.3859546065042532,-4.412115946046635
69,71,4,5,23,0.4231462889318458,1.941354426652364,0.1005747112004926,3.2320635393394923
70,72,5,1,23,1.763069277245267,3.2464997409403846,0.1008317128297655,3.9739671626458817
71,73,5,2,23,0.617966168315469,1.5110570602404882,0.1475497649470462,3.239674231814591
72,74,5,3,23,0.4908353626154386,2.6025817120962285,0.1138618514409817,4.683299682871253
73,75,5,4,23,0.4292983040930537,1.0043012876608035,0.2918827552662187,2.359271855453427
74,76,5,5,23,0.3168613750007915,1.919240118333204,0.1005518975476033,3.542863915275538
75,77,1,1,24,0.0,0.7579914236490595,0.100039550124059,14.495770637691251
76,78,1,2,24,0.1369550719738058,0.9306033573918632,0.1001798438051163,6.6024734077174285
77,79,1,3,24,0.5244935785410407,5.015274844922772,0.1009750248396481,8.889845401199976
78,80,1,4,24,0.6157273456332457,9.821295464619698,0.1008054433460335,9.723139545770335
79,81,1,5,24,0.5908814790883508,2.772911444554559,0.2047987673073587,6.460599060112777
80,82,2,1,24,0.3481779195646139,0.7811173407436804,0.1005705575631076,14.794633462377162
81,83,2,2,24,0.361836637441906,0.987027440395872,0.1009052401326317,6.9749576152116175
82,84,2,3,24,0.809496601197275,2.5565222696928056,0.1764334775102642,9.274018035050537
83,85,2,4,24,0.7056044861927334,9.95890595971091,0.100130278222617,9.939425485951178
84,86,2,5,24,0.801023980489191,1.82103574631288,0.2748925878764816,6.767122210175954
85,87,3,1,24,0.0545020238202587,0.8470433479319652,0.1005865538457272,14.40994406026171
86,88,3,2,24,0.3885084167350419,0.9578249540945416,0.1005196086006448,7.239015540208759
87,89,3,3,24,1.64114327796544,4.818618799056962,0.1011980173031918,8.265203850634666
88,90,3,4,24,1.730597795794391,9.53300345041754,0.1386151912579624,10.546406815767018
89,91,3,5,24,2.154100021311348,1.2743240817935426,0.3250073722518962,5.937963477424455
90,92,4,1,24,0.0,0.9731427306363633,0.1004175457223212,16.175644189385114
91,93,4,2,24,0.5963867713611762,0.7781093878730694,0.1003563596398103,6.222385211038953
92,94,4,3,24,1.4432051179176366,2.3924096386175253,0.1650689889534238,8.144942614506729
93,95,4,4,24,2.7015061691309223,7.087282550991659,0.1031051842155699,7.691652852214817
94,96,4,5,24,2.505014966971466,1.2196212157244366,0.3143923872699981,5.860308267472258
95,97,5,1,24,0.0699651365925434,3.4227372941184866,0.1003342937286214,28.106656772435954
96,98,5,2,24,0.8633063367649325,0.848769269023192,0.1009992879666856,6.333698044334411
97,99,5,3,24,1.783907143043984,1.323208771153544,0.2155996779963495,7.632824951774272
98,100,5,4,24,2.8773677181066044,8.446467670564083,0.12763660887591,9.882833168779836
99,101,5,5,24,3.425992366031468,4.946799870620179,0.1669275793898995,6.789846682106074
100,102,1,1,25,1.2651744914284035,0.8522711087612462,0.3276109035259801,9.246342979359872
101,103,1,2,25,0.0,0.5008609514946354,0.3354376967056122,4.198976897315875
102,104,1,3,25,0.0457970217505321,3.7197262097838872,0.1662050658550746,9.829960602482217
103,105,1,4,25,0.4338489526514985,2.226181492383104,0.2690656551116856,12.51615936247345
104,106,1,5,25,0.0,6.947029552852197,0.1761970939544631,12.049418006377763
105,107,2,1,25,0.1205942257669482,6.2861041820603365,0.1000863386208472,9.989988697983062
106,108,2,2,25,1.0396082076491304,1.117262815740096,0.296634183364993,8.840041031898007
107,109,2,3,25,1.1482969825851452,5.726793387340864,0.1763754755827222,11.667492016974984
108,110,2,4,25,0.7511189539535957,7.556805802116861,0.18353433988287,13.017141194170694
109,111,2,5,25,1.3472143471026792,0.6108602431196086,0.3617063547079607,7.7063696466176195
110,112,3,1,25,0.5225788643022966,7.26833527516691,0.1010556126438338,9.513172183305786
111,113,3,2,25,0.7901981585006269,0.7872354096451675,0.2754249300839471,3.6384418808950767
112,114,3,3,25,1.002095673185305,9.682294569578747,0.1426515604102399,12.103354284075444
113,115,3,4,25,0.7486768318819733,0.501935178546927,0.3602130637283727,5.445027667590836
114,116,3,5,25,0.9377566137080062,8.721179778464645,0.221279542860156,15.431330805262572
115,117,4,1,25,1.1229853522267113,2.3824666173332654,0.2487006932339689,12.09489534893865
116,118,4,2,25,0.9661251742603826,1.0742436537044924,0.2530670861949948,7.630558220506538
117,119,4,3,25,1.0388058863468608,5.890414891808827,0.169322350981473,10.701935897363974
118,120,4,4,25,2.2573150498325263,0.9552665979599606,0.3388168838683796,10.426096593897952
119,121,4,5,25,1.813344069531119,2.458593944005278,0.2887942456606586,14.03982265975433
120,122,5,1,25,1.5813445973480629,1.4043928356412685,0.2816891217112872,10.811307475410649
121,123,5,2,25,1.1810416196047653,2.1934586026476364,0.2312130070295757,10.33617479124436
122,124,5,3,25,2.273712536030018,1.154870806067538,0.269989792236185,5.794707741051052
123,125,5,4,25,2.102218080265363,1.3619052074574745,0.2930309695781466,11.77634681644711
124,126,5,5,25,1.182561105565472,1.930602140084248,0.2039690296688883,8.443056855984164
125,127,1,1,26,0.0203377554644941,2.1963629114712635,0.1042901094896444,11.424227111766369
126,128,1,2,26,0.1676935909200103,3.910217375975797,0.1005280052573877,10.073581300707758
127,129,1,3,26,0.4741007073507703,8.43192970264237,0.1009629690429114,10.758125415282864
128,130,1,4,26,0.7705058086208294,1.1873421993810984,0.2680280837759869,5.7528327385945
129,131,1,5,26,0.845320310673396,6.449717397733617,0.1282785719223668,8.21174874704491
130,132,2,1,26,0.0,2.4050027185146305,0.1004153436084452,11.912158447346554
131,133,2,2,26,0.7487169138384004,2.0306131499333286,0.1664076952637129,10.17360574490888
132,134,2,3,26,1.4445618728683265,7.939685903443103,0.1029761363315249,9.86007085164566
133,135,2,4,26,1.5010387151912177,1.6636423796596116,0.2783706682980839,8.20745223524038
134,136,2,5,26,1.1743073673428006,2.587508010003074,0.2384700717254457,8.112002979032615
135,137,3,1,26,0.3408971056107578,1.806759644675932,0.1001730621507219,10.509105995627124
136,138,3,2,26,1.3626378925647276,1.0743241050399108,0.230892432318499,9.41138061011828
137,139,3,3,26,2.042430267037138,1.2384237354136278,0.2845100502349597,10.315859995458167
138,140,3,4,26,1.7434419237851293,1.1693022035578124,0.2870190684426681,7.400869981548976
139,141,3,5,26,1.8336059738499952,1.860389461297008,0.2716244437998472,7.06412854504192
140,142,4,1,26,0.7445253175851759,1.3899449705889113,0.1004546605433719,8.670518846049342
141,143,4,2,26,1.766831831160215,8.797326640773445,0.1006299528275287,12.46243171746632
142,144,4,3,26,2.47940891170586,2.0152309681517844,0.2344260543188964,9.371073176640426
143,145,4,4,26,3.231601664645671,1.2127716584627413,0.3114405541255778,6.3929821697498745
144,146,4,5,26,2.85116028215338,1.7369289367727174,0.2768589083544794,6.630810547328728
145,147,5,1,26,0.7656512221805644,1.597673463759235,0.1001300635270748,9.668364409610136
146,148,5,2,26,2.407189975853865,0.9859065919348406,0.219684362684616,7.381989490097621
147,149,5,3,26,3.689080314937857,1.6608699414322774,0.2260212001371984,5.352502286315604
148,150,5,4,26,3.8434892535608856,3.921747787060803,0.1760042726469795,6.651302835028804
149,151,5,5,26,4.161468230623749,1.2118466827791412,0.2898030699462229,2.0823463402382942
150,152,1,1,27,0.510580893160465,1.6941195108840583,0.1133453674342033,8.27457614490107
151,153,1,2,27,0.0022956226753992,1.7767426425024668,0.1046392268950801,7.286568177141922
152,154,1,3,27,0.0,3.4420281089125986,0.1042172505960489,9.700916510626552
153,155,1,4,27,0.9596809696548698,0.9496721173888636,0.2399501493575115,6.957162036638542
154,156,1,5,27,0.4061272768358399,2.340331899238796,0.1006366869768797,6.154453460966445
155,157,2,1,27,0.4544395055359624,1.0213870347493108,0.1002858265408692,4.091672338767736
156,158,2,2,27,0.0138120807346996,0.7282326440629809,0.1635544874430339,2.157918692350829
157,159,2,3,27,0.6090244287637823,1.1163575237358447,0.1663217729233557,6.056147384599338
158,160,2,4,27,0.2030908932806526,0.8687305950751716,0.2712399252217585,6.464646959236217
159,161,2,5,27,0.0012705831509639,3.27490408236869,0.100232705055374,7.233587562997928
160,162,3,1,27,0.0658857127843608,1.0601708532583487,0.1004695323771102,5.894624825027189
161,163,3,2,27,0.2714921454242402,0.5178945292654955,0.2226477071615906,3.0634906240751536
162,164,3,3,27,0.0,1.7757394918223,0.1113271276493187,7.10499263115269
163,165,3,4,27,0.0,1.1300456134444374,0.1008954940166622,5.316129552464356
164,166,3,5,27,0.6258967759286316,2.180764855145735,0.1140189710230905,6.288827352342831
165,167,4,1,27,0.695273566758868,1.061504871733959,0.1005869312828904,5.4621017796700535
166,168,4,2,27,0.0,1.6147306689045695,0.1004611793796297,7.887696885160325
167,169,4,3,27,0.3730756341020277,1.318154096269637,0.1008259657980669,5.769793972282391
168,170,4,4,27,0.4586020652386995,2.901455685625704,0.100887538653248,7.985696558698405
169,171,4,5,27,1.167139353981891,0.7019980633998157,0.2383182649067824,5.21184423958021
170,172,5,1,27,0.8725829118039825,1.5916643286135583,0.113475369195254,8.217895892239612
171,173,5,2,27,0.1921879348429764,1.083060249495496,0.1003073518298594,6.576249787125763
172,174,5,3,27,0.0522140336929033,2.140935856978676,0.1005942107635402,8.02018286646357
173,175,5,4,27,0.5002549222604928,3.264607266752016,0.1000728640923184,9.004104305432644
174,176,5,5,27,0.8920023945892848,0.8747801671013775,0.2489210893315975,5.333271678438091
175,177,1,1,28,0.0734041383901523,1.8592433739418863,0.1009112855825778,6.746493313624336
176,178,1,2,28,0.0,2.2153303740348784,0.101890754097521,6.062925158454855
177,179,1,3,28,0.5368003249169949,6.251411083708419,0.1377136819174967,7.813520157882898
178,180,1,4,28,0.0447899463453299,5.13232367882288,0.192921975503611,7.60743018278152
179,181,1,5,28,0.1491098926732715,0.9087217255689266,0.4669757157873779,2.357368728868848
180,182,2,1,28,0.1791520608880313,1.2019189232454677,0.1007712742909471,5.267856097345249
181,183,2,2,28,0.3006759221765726,2.244631194088268,0.1003000817813531,5.678950110910321
182,184,2,3,28,0.6493467935923608,4.372407984536578,0.1034569971115496,6.35304967199346
183,185,2,4,28,1.2708405355178227,1.0904543031900085,0.3372838924782821,4.542112323049582
184,186,2,5,28,0.7249275744040589,1.2100443130302605,0.3669772364035611,3.1051930383695128
185,187,3,1,28,0.1766097904055274,0.8825539215479585,0.1578146336644008,5.092984862043201
186,188,3,2,28,0.6922506148838665,2.661595841800092,0.1002331538699459,5.925640889861573
187,189,3,3,28,1.107817597690345,0.809561907607244,0.3208023805406721,4.900889149807798
188,190,3,4,28,0.3064338429928343,6.188577158581856,0.1049267031441141,6.534275398848487
189,191,3,5,28,1.5433609380332407,0.5276618622713007,0.51775727680336,-6.648580055500906
190,192,4,1,28,0.8371905793988621,1.7931468460313322,0.1201021188908388,5.963019591684494
191,193,4,2,28,1.1677223221452342,1.8672503615046545,0.1313617698127091,4.644851680700652
192,194,4,3,28,1.7341635355005236,0.5702902916898029,0.4212459500746963,4.967225965823304
193,195,4,4,28,2.4876035799334746,9.294688508883937,0.101095655103179,6.640724041821376
194,196,4,5,28,1.7148882626727102,0.8813006850848355,0.4063486054765716,2.9703085531866207
195,197,5,1,28,1.4483511184664075,0.5005988823763543,0.214301337684262,0.2700584783533633
196,198,5,2,28,1.127288105096207,2.1314535139078368,0.1367236087251269,6.414577115515496
197,199,5,3,28,1.8139289314692548,1.1993677193872303,0.3122618568195557,6.538268909474538
198,200,5,4,28,3.068305956491024,1.234548749780684,0.3693429538216118,4.887465445108689
199,201,5,5,28,3.055825212416577,4.759572167935768,0.1028405657740788,3.2404804655720483
200,202,1,1,29,0.0,0.7083040649214629,0.1003267701250099,14.881251553462718
201,203,1,2,29,0.1933813061441268,0.6548377830419954,0.1003853253802109,7.686250602406692
202,204,1,3,29,0.3644827510001036,9.930452742736936,0.1437129534857343,14.141700547368636
203,205,1,4,29,0.5685375732608158,1.7146028279771357,0.2583572016129883,9.886224322542205
204,206,1,5,29,0.533453049771762,0.9838948135106156,0.3427350476443489,5.6583093035631045
205,207,2,1,29,0.3639910606383718,0.6998805251385285,0.1007976289934756,14.46408054168942
206,208,2,2,29,0.2285718483729617,0.8404304729421277,0.10040862929056,8.880690187843298
207,209,2,3,29,0.7354549359905858,9.53165806747644,0.1290436108609238,13.34938073265678
208,210,2,4,29,0.8025895721617191,5.227285723696228,0.1499827411099966,10.020748135733564
209,211,2,5,29,1.182598984325298,1.482846233516784,0.3141675407251737,6.337357374272899
210,212,3,1,29,0.0,0.5429564995145446,0.1006356766991062,10.985994520440546
211,213,3,2,29,0.0977428767508865,0.8334146345197544,0.1000243090464014,9.159221070999337
212,214,3,3,29,1.2262301660326167,8.986073999030557,0.1129513355519732,12.03772073687034
213,215,3,4,29,1.2056515213719976,6.274985433562028,0.1001182504101431,9.08846669654477
214,216,3,5,29,1.3316300077054275,1.4931563471313165,0.2820801669293157,6.006939452111184
215,217,4,1,29,0.0187222372273336,0.6842645068182804,0.1001103751060535,14.023976428356235
216,218,4,2,29,0.3170410986104652,0.7135851338666317,0.1000277746539873,7.842053475523822
217,219,4,3,29,1.4491089547164526,9.638594721999947,0.1098954972680745,12.622030553885956
218,220,4,4,29,2.528181401865812,1.4378754418482833,0.2664983384189405,7.553637649802786
219,221,4,5,29,2.391814236299052,1.875452982422246,0.2779552270624383,6.794893305395074
220,222,5,1,29,0.0,0.5485152236969872,0.1004664196370861,12.754287596571697
221,223,5,2,29,0.086101822515216,0.9466244334122084,0.1004763020941587,11.023048398781173
222,224,5,3,29,2.068387744634684,9.646382136557843,0.1288514225427029,13.297904890648446
223,225,5,4,29,3.552107553327051,1.0899983795249266,0.301691630988314,6.894487842718637
224,226,5,5,29,3.159960689010764,3.288092188704831,0.2012657529465358,5.991523126938209
225,227,1,1,30,0.0201150021849541,0.7681970241742544,0.1006666799088557,10.736309126947583
226,228,1,2,30,0.3673007392979563,4.405095741178879,0.1015452988526245,10.266624595478508
227,229,1,3,30,0.8704576017365248,4.852472783546164,0.1321272207242712,9.855480033448956
228,230,1,4,30,0.5470792840136719,0.779080444342231,0.3182659977555188,8.35007553005481
229,231,1,5,30,0.8789777482783264,0.9796391683313156,0.2986833052594875,4.233438144546779
230,232,2,1,30,0.0,0.7741476537244409,0.1004401082450854,10.91361870741044
231,233,2,2,30,0.6421868027976958,4.581455880627751,0.1026721009615324,10.004138880871894
232,234,2,3,30,1.4581304361357246,0.7710390628408135,0.3113127333562565,8.873396793774102
233,235,2,4,30,1.717394000110526,0.9096286077700002,0.3146315143176714,9.605902849984108
234,236,2,5,30,1.128675342985518,1.4154650866145668,0.234847170899639,5.320671300855302
235,237,3,1,30,0.0,0.7732443986188242,0.1008331527059517,10.625409515715528
236,238,3,2,30,1.4170655728232229,3.415342806616069,0.1423148929310672,10.409748741289931
237,239,3,3,30,1.7139348685341615,1.2729472834203657,0.2742221014906198,11.100811915797204
238,240,3,4,30,1.7705318022054717,0.6847183132675294,0.324392020616471,7.874424766860144
239,241,3,5,30,1.8761592661683204,1.0208846606854198,0.310724414082802,6.023240082880925
240,242,4,1,30,0.0668955173655941,0.7715006634172337,0.1005055029699269,11.447985312661134
241,243,4,2,30,1.5352721062118806,1.282452377597786,0.2230616283394288,9.977396437185757
242,244,4,3,30,2.418222580238432,1.03125759360253,0.2828815643814681,9.94811417913122
243,245,4,4,30,2.5753382323898,1.406574837535748,0.2683824883995773,9.899438793918804
244,246,4,5,30,2.520277406914769,0.9439047536776785,0.3228847271959347,5.454565944640518
245,247,5,1,30,0.0,1.2708037216335368,0.1001282883439155,14.764991742873026
246,248,5,2,30,2.1686040041478543,4.345237767788924,0.1764343496219257,13.616276428708217
247,249,5,3,30,3.925519191413604,0.8336937492364083,0.3030498467619043,6.235076800211929
248,250,5,4,30,3.494954303858481,0.7489824225563035,0.3068864336479712,6.802330598434814
249,251,5,5,30,3.238999856719998,1.751188779027581,0.2701774476138441,7.048794133621448
